title,vote_average,vote_count,release_date,revenue,runtime,budget,popularity,genres,n_ad_breaks,runtime_with_ads,scaled_popularity,children_scaled_popularity,adults_scaled_popularity,retirees_scaled_popularity,license_fee
Avengers: Age of Ultron,7.276,21754,2015-04-22,1405403694,141,365000000,96.565,"['Action', 'Adventure', 'Science Fiction']",5,180.0,1.0,0.8,1.0,0.4,2574484.43
Captain America: Civil War,7.4,21541,2016-04-27,1155046416,147,250000000,70.741,"['Adventure', 'Action', 'Science Fiction']",5,180.0,0.9231586328030276,0.7385269,0.9231586,0.3692635,1998055.7
Doctor Strange,7.427,20935,2016-10-25,676343174,115,180000000,70.535,"['Action', 'Adventure', 'Fantasy']",4,120.0,0.9223110503699402,0.9223111,0.9223111,0.3689244,1255611.81
Spider-Man: Homecoming,7.345,20507,2017-07-05,880166924,133,175000000,65.88,"['Action', 'Adventure', 'Science Fiction', 'Drama']",5,150.0,0.9023177139658618,0.7218542,0.9023177,0.5413906,1488200.31
Iron Man 2,6.835,19756,2010-04-28,623933331,124,200000000,84.445,"['Adventure', 'Action', 'Science Fiction']",5,150.0,0.9736682105865636,0.7789346,0.9736682,0.3894673,1240720.0
Star Wars: The Force Awakens,7.293,18352,2015-12-15,2068223624,136,245000000,66.772,"['Adventure', 'Action', 'Science Fiction']",5,150.0,0.9062790461419176,0.7250232,0.906279,0.3625116,3081868.35
The Hobbit: An Unexpected Journey,7.339,17356,2012-12-12,1021103568,169,250000000,83.524,"['Adventure', 'Fantasy', 'Action']",6,210.0,0.9705935642364268,0.9705936,0.9705936,0.3882374,1837324.28
Batman v Superman: Dawn of Justice,5.952,17081,2016-03-23,873637528,152,250000000,78.589,"['Action', 'Adventure', 'Fantasy']",6,180.0,0.9533916773822058,0.9533917,0.9533917,0.3813567,1660365.03
The Amazing Spider-Man,6.691,16352,2012-06-23,757930663,136,215000000,78.989,"['Action', 'Adventure', 'Fantasy']",5,150.0,0.9548339167054872,0.9548339,0.9548339,0.3819336,1437516.8
Deadpool 2,7.492,16324,2018-05-10,785896609,120,110000000,66.096,"['Action', 'Comedy', 'Adventure']",5,150.0,0.9032829057885218,0.9032829,0.9032829,0.5419697,1219075.93
Frozen,7.2,15520,2013-11-20,1274219009,102,150000000,85.794,"['Animation', 'Family', 'Adventure', 'Fantasy']",4,120.0,0.9780995060790668,0.9780995,0.5868597,0.3912398,1901062.81
Pirates of the Caribbean: Dead Man's Chest,7.346,14868,2006-07-06,1065659812,151,200000000,69.403,"['Adventure', 'Fantasy', 'Action']",6,180.0,0.9175993410763902,0.9175993,0.9175993,0.3670397,1770791.77
The Hunger Games: Mockingjay - Part 1,6.796,14725,2014-11-19,755356711,123,125000000,85.889,"['Science Fiction', 'Adventure', 'Thriller']",5,150.0,0.9784084022656624,0.587045,0.9784084,0.3913634,1218428.05
Pirates of the Caribbean: At World's End,7.239,13345,2007-05-19,961000000,169,300000000,81.883,"['Adventure', 'Fantasy', 'Action']",6,210.0,0.9650126903614762,0.9650127,0.9650127,0.3860051,1885200.0
The Hobbit: The Battle of the Five Armies,7.309,13301,2014-12-10,956019788,144,250000000,94.048,"['Action', 'Adventure', 'Fantasy']",5,180.0,1.0,1.0,1.0,0.4,1759223.75
Pirates of the Caribbean: On Stranger Tides,6.538,13126,2011-05-15,1045713802,137,379000000,79.192,"['Adventure', 'Action', 'Fantasy']",5,150.0,0.9555624850881936,0.9555625,0.9555625,0.382225,2176456.56
The Amazing Spider-Man 2,6.498,12349,2014-04-16,708962323,141,200000000,73.319,"['Action', 'Adventure', 'Fantasy']",5,180.0,0.933519610837854,0.9335196,0.9335196,0.3734078,1342754.79
Justice League,6.098,12263,2017-11-15,657926987,120,300000000,91.091,"['Action', 'Adventure', 'Science Fiction']",5,150.0,0.994721739139952,0.7957774,0.9947217,0.3978887,1521512.38
Shrek 2,7.249,11323,2004-05-19,928760770,93,150000000,82.153,"['Animation', 'Family', 'Comedy', 'Fantasy', 'Adventure']",4,120.0,0.9659401531874688,0.9659402,0.7727521,0.5795641,1486512.92
"The Chronicles of Narnia: The Lion, the Witch and the Wardrobe",7.126,9808,2005-12-07,745013115,143,180000000,123.542,"['Adventure', 'Family', 'Fantasy']",5,180.0,1.0,1.0,0.8,0.4,1338015.74
Aladdin,7.114,9441,2019-05-22,1054304000,127,183000000,69.615,"['Adventure', 'Fantasy', 'Romance', 'Family']",5,150.0,0.9184887992146692,0.734791,0.734791,0.5510933,1716364.8
Frozen II,7.272,9060,2019-11-20,1450026933,103,150000000,70.221,"['Family', 'Animation', 'Adventure', 'Comedy', 'Fantasy']",4,120.0,0.9210133207422128,0.9210133,0.7368107,0.552608,2112032.32
Star Wars: The Rise of Skywalker,6.365,9047,2019-12-18,1074144248,142,250000000,89.699,"['Adventure', 'Action', 'Science Fiction']",5,180.0,0.9904684063287734,0.7923747,0.9904684,0.3961874,1900973.1
The Twilight Saga: Breaking Dawn - Part 1,6.201,8228,2011-11-16,712171856,117,110000000,79.868,"['Adventure', 'Fantasy', 'Romance']",4,150.0,0.9579724997501894,0.766378,0.9579725,0.5747835,1130606.23
Doctor Strange in the Multiverse of Madness,7.355,7991,2022-05-04,955775804,126,200000000,96.53,"['Fantasy', 'Action', 'Adventure']",5,150.0,1.0,1.0,1.0,0.4,1638930.96
Cars 2,6.08,7115,2011-06-11,559852396,106,200000000,72.036,"['Animation', 'Family', 'Adventure', 'Comedy']",4,120.0,0.9284193302418936,0.9284193,0.5570516,0.5570516,1163822.88
The Meg,6.256,7018,2018-08-09,530517320,113,150000000,101.431,"['Action', 'Science Fiction', 'Horror']",4,120.0,1.0,0.6,1.0,0.4,1008620.78
Shrek Forever After,6.351,6751,2010-05-16,752600867,93,165000000,65.35,"['Comedy', 'Adventure', 'Fantasy', 'Animation', 'Family']",4,120.0,0.8999330590027957,0.8999331,0.7199464,0.5399598,1311121.04
Fast & Furious Presents: Hobbs & Shaw,6.867,6618,2019-08-01,760098996,137,200000000,70.691,"['Action', 'Adventure', 'Comedy']",5,150.0,0.9229531838254196,0.9229532,0.9229532,0.5537719,1404118.8
Thor: Love and Thunder,6.517,6510,2022-07-06,760928081,119,250000000,117.087,"['Fantasy', 'Action', 'Comedy']",4,150.0,1.0,1.0,1.0,0.6,1525113.7
Black Panther: Wakanda Forever,7.193,5475,2022-11-09,859102154,162,250000000,131.897,"['Action', 'Adventure', 'Science Fiction']",6,180.0,1.0,0.8,1.0,0.4,1642922.58
Jurassic World Dominion,6.787,5225,2022-06-01,1001978080,147,165000000,113.897,"['Adventure', 'Action', 'Science Fiction']",5,180.0,1.0,0.8,1.0,0.4,1610373.7
Barbie,7.279,5074,2023-07-19,1428545028,114,145000000,1069.34,"['Comedy', 'Adventure', 'Fantasy']",4,120.0,1.0,1.0,1.0,0.6,2074254.03
Ant-Man and the Wasp: Quantumania,6.431,4009,2023-02-15,476071180,125,200000000,173.694,"['Action', 'Adventure', 'Science Fiction']",5,150.0,1.0,0.8,1.0,0.4,1063285.42
Fast X,7.265,3881,2023-05-17,704709660,142,340000000,1175.267,"['Action', 'Crime', 'Thriller']",5,180.0,1.0,0.6,1.0,0.6,1673651.59
Minions: The Rise of Gru,7.379,3060,2022-06-29,939628210,87,85000000,81.377,"['Animation', 'Comedy', 'Family']",3,90.0,0.9632645842753692,0.9632646,0.5779588,0.7706117,1343553.85
The Flash,6.898,2959,2023-06-13,268375616,144,300000000,480.393,"['Action', 'Adventure', 'Science Fiction']",5,180.0,1.0,0.8,1.0,0.4,1054050.74
The Little Mermaid,6.536,2148,2023-05-18,569244557,135,250000000,353.543,"['Adventure', 'Family', 'Fantasy', 'Romance']",5,150.0,1.0,0.8,0.8,0.6,1295093.47
Indiana Jones and the Dial of Destiny,6.679,1748,2023-06-28,382891104,155,294700000,579.252,"['Adventure', 'Action']",6,180.0,1.0,1.0,1.0,0.4,1178749.32
